[
  {
    "model": "major_city.district",
    "pk": 1,
    "fields": {
      "name": "北海道"
    }
  },
  {
    "model": "major_city.district",
    "pk": 2,
    "fields": {
      "name": "東北"
    }
  },
  {
    "model": "major_city.district",
    "pk": 3,
    "fields": {
      "name": "関東"
    }
  },
  {
    "model": "major_city.district",
    "pk": 4,
    "fields": {
      "name": "中部"
    }
  },
  {
    "model": "major_city.district",
    "pk": 5,
    "fields": {
      "name": "近畿"
    }
  },
  {
    "model": "major_city.district",
    "pk": 6,
    "fields": {
      "name": "中国"
    }
  },
  {
    "model": "major_city.district",
    "pk": 7,
    "fields": {
      "name": "四国"
    }
  },
  {
    "model": "major_city.district",
    "pk": 8,
    "fields": {
      "name": "九州"
    }
  },
  {
    "model": "major_city.district",
    "pk": 9,
    "fields": {
      "name": "沖縄"
    }
  },
  {
    "model": "major_city.prefecture",
    "pk": 1,
    "fields": {
      "name": "北海道",
      "district_id": 1
    }
  },
  {
    "model": "major_city.prefecture",
    "pk": 2,
    "fields": {
      "name": "青森県",
      "district_id": 2
    }
  },
  {
    "model": "major_city.prefecture",
    "pk": 3,
    "fields": {
      "name": "岩手県",
      "district_id": 2
    }
  },
  {
    "model": "major_city.prefecture",
    "pk": 4,
    "fields": {
      "name": "宮城県",
      "district_id": 2
    }
  },
  {
    "model": "major_city.prefecture",
    "pk": 5,
    "fields": {
      "name": "秋田県",
      "district_id": 2
    }
  },
  {
    "model": "major_city.prefecture",
    "pk": 6,
    "fields": {
      "name": "山形県",
      "district_id": 2
    }
  },
  {
    "model": "major_city.prefecture",
    "pk": 7,
    "fields": {
      "name": "福島県",
      "district_id": 2
    }
  },
  {
    "model": "major_city.prefecture",
    "pk": 8,
    "fields": {
      "name": "茨城県",
      "district_id": 3
    }
  },
  {
    "model": "major_city.prefecture",
    "pk": 9,
    "fields": {
      "name": "栃木県",
      "district_id": 3
    }
  },
  {
    "model": "major_city.prefecture",
    "pk": 10,
    "fields": {
      "name": "群馬県",
      "district_id": 3
    }
  },
  {
    "model": "major_city.prefecture",
    "pk": 11,
    "fields": {
      "name": "埼玉県",
      "district_id": 3
    }
  },
  {
    "model": "major_city.prefecture",
    "pk": 12,
    "fields": {
      "name": "千葉県",
      "district_id": 3
    }
  },
  {
    "model": "major_city.prefecture",
    "pk": 13,
    "fields": {
      "name": "東京都",
      "district_id": 3
    }
  },
  {
    "model": "major_city.prefecture",
    "pk": 14,
    "fields": {
      "name": "神奈川県",
      "district_id": 3
    }
  },
  {
    "model": "major_city.prefecture",
    "pk": 15,
    "fields": {
      "name": "新潟県",
      "district_id": 4
    }
  },
  {
    "model": "major_city.prefecture",
    "pk": 16,
    "fields": {
      "name": "富山県",
      "district_id": 4
    }
  },
  {
    "model": "major_city.prefecture",
    "pk": 17,
    "fields": {
      "name": "石川県",
      "district_id": 4
    }
  },
  {
    "model": "major_city.prefecture",
    "pk": 18,
    "fields": {
      "name": "福井県",
      "district_id": 4
    }
  },
  {
    "model": "major_city.prefecture",
    "pk": 19,
    "fields": {
      "name": "山梨県",
      "district_id": 4
    }
  },
  {
    "model": "major_city.prefecture",
    "pk": 20,
    "fields": {
      "name": "長野県",
      "district_id": 4
    }
  },
  {
    "model": "major_city.prefecture",
    "pk": 21,
    "fields": {
      "name": "岐阜県",
      "district_id": 4
    }
  },
  {
    "model": "major_city.prefecture",
    "pk": 22,
    "fields": {
      "name": "静岡県",
      "district_id": 4
    }
  },
  {
    "model": "major_city.prefecture",
    "pk": 23,
    "fields": {
      "name": "愛知県",
      "district_id": 4
    }
  },
  {
    "model": "major_city.prefecture",
    "pk": 24,
    "fields": {
      "name": "三重県",
      "district_id": 5
    }
  },
  {
    "model": "major_city.prefecture",
    "pk": 25,
    "fields": {
      "name": "滋賀県",
      "district_id": 5
    }
  },
  {
    "model": "major_city.prefecture",
    "pk": 26,
    "fields": {
      "name": "京都府",
      "district_id": 5
    }
  },
  {
    "model": "major_city.prefecture",
    "pk": 27,
    "fields": {
      "name": "大阪府",
      "district_id": 5
    }
  },
  {
    "model": "major_city.prefecture",
    "pk": 28,
    "fields": {
      "name": "兵庫県",
      "district_id": 5
    }
  },
  {
    "model": "major_city.prefecture",
    "pk": 29,
    "fields": {
      "name": "奈良県",
      "district_id": 5
    }
  },
  {
    "model": "major_city.prefecture",
    "pk": 30,
    "fields": {
      "name": "和歌山県",
      "district_id": 5
    }
  },
  {
    "model": "major_city.prefecture",
    "pk": 31,
    "fields": {
      "name": "鳥取県",
      "district_id": 6
    }
  },
  {
    "model": "major_city.prefecture",
    "pk": 32,
    "fields": {
      "name": "島根県",
      "district_id": 6
    }
  },
  {
    "model": "major_city.prefecture",
    "pk": 33,
    "fields": {
      "name": "岡山県",
      "district_id": 6
    }
  },
  {
    "model": "major_city.prefecture",
    "pk": 34,
    "fields": {
      "name": "広島県",
      "district_id": 6
    }
  },
  {
    "model": "major_city.prefecture",
    "pk": 35,
    "fields": {
      "name": "山口県",
      "district_id": 6
    }
  },
  {
    "model": "major_city.prefecture",
    "pk": 36,
    "fields": {
      "name": "徳島県",
      "district_id": 7
    }
  },
  {
    "model": "major_city.prefecture",
    "pk": 37,
    "fields": {
      "name": "香川県",
      "district_id": 7
    }
  },
  {
    "model": "major_city.prefecture",
    "pk": 38,
    "fields": {
      "name": "愛媛県",
      "district_id": 7
    }
  },
  {
    "model": "major_city.prefecture",
    "pk": 39,
    "fields": {
      "name": "高知県",
      "district_id": 7
    }
  },
  {
    "model": "major_city.prefecture",
    "pk": 40,
    "fields": {
      "name": "福岡県",
      "district_id": 8
    }
  },
  {
    "model": "major_city.prefecture",
    "pk": 41,
    "fields": {
      "name": "佐賀県",
      "district_id": 8
    }
  },
  {
    "model": "major_city.prefecture",
    "pk": 42,
    "fields": {
      "name": "長崎県",
      "district_id": 8
    }
  },
  {
    "model": "major_city.prefecture",
    "pk": 43,
    "fields": {
      "name": "熊本県",
      "district_id": 8
    }
  },
  {
    "model": "major_city.prefecture",
    "pk": 44,
    "fields": {
      "name": "大分県",
      "district_id": 8
    }
  },
  {
    "model": "major_city.prefecture",
    "pk": 45,
    "fields": {
      "name": "宮崎県",
      "district_id": 8
    }
  },
  {
    "model": "major_city.prefecture",
    "pk": 46,
    "fields": {
      "name": "鹿児島県",
      "district_id": 8
    }
  },
  {
    "model": "major_city.prefecture",
    "pk": 47,
    "fields": {
      "name": "沖縄県",
      "district_id": 9
    }
  },
  {
    "model": "major_city.city",
    "pk": 1,
    "fields": {
      "name": "札幌市",
      "prefecture_id": 1,
      "designated": "1972-04-01",
      "area": 1121.12,
      "population": 1921245
    }
  },
  {
    "model": "major_city.city",
    "pk": 2,
    "fields": {
      "name": "仙台市",
      "prefecture_id": 4,
      "designated": "1989-04-01",
      "area": 785.85,
      "population": 1049493
    }
  },
  {
    "model": "major_city.city",
    "pk": 3,
    "fields": {
      "name": "さいたま市",
      "prefecture_id": 11,
      "designated": "2003-04-01",
      "area": 217.49,
      "population": 1229479
    }
  },
  {
    "model": "major_city.city",
    "pk": 4,
    "fields": {
      "name": "千葉市",
      "prefecture_id": 12,
      "designated": "1992-04-01",
      "area": 272.08,
      "population": 963120
    }
  },
  {
    "model": "major_city.city",
    "pk": 5,
    "fields": {
      "name": "横浜市",
      "prefecture_id": 14,
      "designated": "1956-09-01",
      "area": 437.38,
      "population": 3691693
    }
  },
  {
    "model": "major_city.city",
    "pk": 6,
    "fields": {
      "name": "川崎市",
      "prefecture_id": 14,
      "designated": "1972-04-01",
      "area": 142.7,
      "population": 1430773
    }
  },
  {
    "model": "major_city.city",
    "pk": 7,
    "fields": {
      "name": "相模原市",
      "prefecture_id": 14,
      "designated": "2010-04-01",
      "area": 328.83,
      "population": 719412
    }
  },
  {
    "model": "major_city.city",
    "pk": 8,
    "fields": {
      "name": "新潟市",
      "prefecture_id": 15,
      "designated": "2007-04-01",
      "area": 726.1,
      "population": 812458
    }
  },
  {
    "model": "major_city.city",
    "pk": 9,
    "fields": {
      "name": "静岡市",
      "prefecture_id": 22,
      "designated": "2005-04-01",
      "area": 1411.85,
      "population": 714513
    }
  },
  {
    "model": "major_city.city",
    "pk": 10,
    "fields": {
      "name": "浜松市",
      "prefecture_id": 22,
      "designated": "2007-04-01",
      "area": 1558.04,
      "population": 798924
    }
  },
  {
    "model": "major_city.city",
    "pk": 11,
    "fields": {
      "name": "名古屋市",
      "prefecture_id": 23,
      "designated": "1956-09-01",
      "area": 326.43,
      "population": 2266517
    }
  },
  {
    "model": "major_city.city",
    "pk": 12,
    "fields": {
      "name": "京都市",
      "prefecture_id": 26,
      "designated": "1956-09-01",
      "area": 827.9,
      "population": 1473416
    }
  },
  {
    "model": "major_city.city",
    "pk": 13,
    "fields": {
      "name": "大阪市",
      "prefecture_id": 27,
      "designated": "1956-09-01",
      "area": 223.0,
      "population": 2670579
    }
  },
  {
    "model": "major_city.city",
    "pk": 14,
    "fields": {
      "name": "堺市",
      "prefecture_id": 27,
      "designated": "2006-04-01",
      "area": 149.99,
      "population": 842685
    }
  },
  {
    "model": "major_city.city",
    "pk": 15,
    "fields": {
      "name": "神戸市",
      "prefecture_id": 28,
      "designated": "1956-09-01",
      "area": 552.26,
      "population": 1544496
    }
  },
  {
    "model": "major_city.city",
    "pk": 16,
    "fields": {
      "name": "岡山市",
      "prefecture_id": 33,
      "designated": "2009-04-01",
      "area": 789.92,
      "population": 710913
    }
  },
  {
    "model": "major_city.city",
    "pk": 17,
    "fields": {
      "name": "広島市",
      "prefecture_id": 34,
      "designated": "1980-04-01",
      "area": 905.41,
      "population": 1177711
    }
  },
  {
    "model": "major_city.city",
    "pk": 18,
    "fields": {
      "name": "北九州市",
      "prefecture_id": 40,
      "designated": "1963-04-01",
      "area": 488.78,
      "population": 974287
    }
  },
  {
    "model": "major_city.city",
    "pk": 19,
    "fields": {
      "name": "福岡市",
      "prefecture_id": 40,
      "designated": "1972-04-01",
      "area": 341.7,
      "population": 1479433
    }
  },
  {
    "model": "major_city.city",
    "pk": 20,
    "fields": {
      "name": "熊本市",
      "prefecture_id": 43,
      "designated": "2012-04-01",
      "area": 389.54,
      "population": 736010
    }
  }
]
